Name,2008,2009,2010,2011,2012,2013,2014,2015,2016,2017,2018,2019,2020
"Abilene, TX",38897,36939,37290,38305,39167,39890,41751,41577,41577,44039,44039,46493,49948
"Akron, OH",43376,42369,42551,43129,43485,43165,44366,45567,45567,49770,49770,51714,54843
"Albany, GA",35281,35550,35932,37435,37062,36666,37081,37867,37867,36889,36889,38764,42744
"Albany-Lebanon, OR",31989,32137,32464,33038,33722,33581,34529,36824,36824,42811,42811,43971,48040
"Albany-Schenectady-Troy, NY",43142,43634,44692,45110,45831,45834,46706,48629,48629,57743,57743,60500,65112
"Albuquerque, NM",36763,35463,34741,35276,34807,33591,34947,36422,36422,42129,42129,43975,47442
"Alexandria, LA",39587,39705,39373,40655,41226,40602,40634,42184,42184,42744,42744,44475,47961
"Allentown-Bethlehem-Easton, PA-NJ",42828,40842,41318,41659,41604,41339,42107,43771,43771,53518,53518,55363,59193
"Altoona, PA",37377,37833,38038,38791,38846,38801,39977,41966,41966,46236,46236,47573,52096
"Amarillo, TX",38653,37183,39350,40566,40947,40501,41922,43213,43213,46895,46895,49008,51116
"Ames, IA",40555,36873,35545,37136,41150,37456,37715,38544,38544,43564,43564,45160,47233
"Anchorage, AK",46749,45500,46760,48074,48484,46551,48057,49738,49738,61584,61584,63208,64904
"Ann Arbor, MI",43646,40010,43263,42095,43813,43585,44122,46290,46290,58667,58667,61101,63655
"Anniston-Oxford, AL",36024,36119,36306,36281,35404,34429,35460,36605,36605,36482,36482,37708,40195
"Appleton, WI",41589,40464,40442,41693,42317,42204,43698,45079,45079,50951,50951,52743,54988
"Asheville, NC",37300,35634,35261,35806,36910,35949,37261,39459,39459,45540,45540,47559,49809
"Athens-Clarke County, GA",31641,30808,30817,31873,32225,32396,34002,35700,35700,40371,40371,42391,44364
"Atlanta-Sandy Springs-Alpharetta, GA",40632,39529,39584,41415,40695,40230,42026,43861,43861,53354,53354,55668,58773
"Atlantic City-Hammonton, NJ",35501,35286,35103,35857,35797,35777,36294,37534,37534,48110,48110,51247,55802
"Auburn-Opelika, AL",35188,32667,33047,33605,34087,33754,34673,36267,36267,38184,38184,40439,42468
"Augusta-Richmond County, GA-SC",35950,36288,36556,37289,36652,36152,37468,39290,39290,41738,41738,43512,46594
"Austin-Round Rock-Georgetown, TX",42035,39495,40224,42135,44230,43837,45514,47190,47190,60764,60764,62460,64913
"Bakersfield, CA",30822,29831,30954,31969,33298,33411,34817,35502,35502,38079,38079,39559,44721
"Baltimore-Columbia-Towson, MD",44897,44150,44087,45032,45770,45112,45881,47367,47367,60766,60766,62702,66695
"Bangor, ME",33622,34492,34045,34125,33903,33184,34033,35358,35358,41554,41554,43083,47315
"Barnstable Town, MA",49260,49330,50310,52345,53841,53962,55079,57683,57683,71735,71735,75339,80420
"Baton Rouge, LA",40597,40106,40110,41063,41344,41004,41790,42666,42666,48500,48500,49994,52978
"Battle Creek, MI",34455,34016,34476,34920,35197,35377,35477,37238,37238,39189,39189,40428,44729
"Bay City, MI",35807,35556,37070,37702,37352,36628,37326,39513,39513,42286,42286,43554,47786
"Beaumont-Port Arthur, TX",37484,37240,38136,38524,39724,38025,40790,41989,41989,44232,44232,45115,47281
"Beckley, WV",39204,39719,38750,41668,40487,38920,38248,38815,38815,39240,39240,41026,42914
"Bellingham, WA",38149,36320,36456,36902,38307,37477,38398,39600,39600,47898,47898,49868,52787
"Bend, OR",38513,35433,34938,36493,38199,39122,40052,43602,43602,55473,55473,57493,61216
"Billings, MT",40885,38938,39398,40856,43115,41141,42220,43561,43561,52457,52457,54197,56649
"Binghamton, NY",36155,36768,36959,37041,37321,36983,36788,38168,38168,43754,43754,45505,49652
"Birmingham-Hoover, AL",43829,41920,42621,42969,44019,43285,44411,46433,46433,51377,51377,53185,55074
"Bismarck, ND",42149,43152,45114,47710,50403,49973,51914,51860,51860,57640,57640,59371,61404
"Blacksburg-Christiansburg, VA",33071,32466,31722,32332,33425,32888,34225,35422,35422,37683,37683,38220,40692
"Bloomington, IL",42122,41644,42179,43450,42976,43694,42801,43630,43630,49302,49302,49760,54639
"Bloomington, IN",33087,31819,31707,31962,32638,32024,32782,34399,34399,41899,41899,43712,46502
"Bloomsburg-Berwick, PA",36433,36168,36605,38124,38376,38296,38326,39440,39440,45463,45463,46776,50771
"Boise City, ID",36696,34746,34344,34857,35663,36258,37271,38842,38842,46237,46237,47674,50474
"Boston-Cambridge-Newton, MA-NH",51330,50619,51567,52420,53358,52920,54122,57204,57204,77752,77752,80965,85724
"Boulder, CO",47953,44248,45297,45996,47451,47552,49701,52245,52245,72607,72607,77305,79649
"Bowling Green, KY",35576,34127,34629,35383,35418,34832,35500,36903,36903,36082,36082,37074,39734
"Bremerton-Silverdale-Port Orchard, WA",41884,40157,39798,39417,40073,39388,40982,41637,41637,54597,54597,57197,60704
"Bridgeport-Stamford-Norwalk, CT",80975,82233,85712,84339,82307,77683,79849,80616,80616,116757,116757,118515,120244
"Brownsville-Harlingen, TX",25995,26592,27173,27323,27284,27185,27846,29064,29064,28978,28978,30187,33690
"Brunswick, GA",38768,37143,36781,37619,36439,36097,36816,38487,38487,41595,41595,42593,45251
"Buffalo-Cheektowaga, NY",38758,40010,40980,41727,42629,42320,42846,44581,44581,49344,49344,51296,55777
"Burlington, NC",35746,34449,34457,34932,35679,34888,35626,36757,36757,39742,39742,41256,43973
"Burlington-South Burlington, VT",42764,41932,42113,44056,44433,44276,44657,46264,46264,56799,56799,58650,61802
"California-Lexington Park, MD",45937,45813,46890,47787,46866,46177,46550,48194,48194,56372,56372,57891,61144
"Canton-Massillon, OH",38230,37209,37264,39032,39871,39859,40775,42104,42104,44544,44544,46019,49255
"Cape Coral-Fort Myers, FL",41493,40834,39794,42027,40987,40478,42738,44364,44364,52022,52022,52832,54707
"Cape Girardeau, MO-IL",41202,41220,40685,40556,41166,40504,40756,42896,42896,42816,42816,43506,45802
"Carbondale-Marion, IL",38814,39715,40446,39929,40113,39322,39560,40683,40683,40124,40124,41233,44335
"Carson City, NV",29673,40729,41751,40299,36750,37483,38053,41812,41812,50378,50378,52880,56510
"Casper, WY",56488,47616,50676,53130,58510,60057,67175,67398,67398,71185,71185,70054,68447
"Cedar Rapids, IA",44358,43932,44008,44737,46043,46033,47023,48700,48700,52032,52032,52898,55971
"Chambersburg-Waynesboro, PA",37348,37363,37617,38686,38699,38504,39656,40886,40886,46435,46435,48014,51979
"Champaign-Urbana, IL",38286,39237,39646,39660,39923,40635,41625,41878,41878,44971,44971,46203,49967
"Charleston, WV",42191,42043,42027,42494,42285,41659,42453,43590,43590,44328,44328,45527,48623
"Charleston-North Charleston, SC",37818,35995,37276,38712,40719,38793,40406,42067,42067,50814,50814,53279,55321
"Charlotte-Concord-Gastonia, NC-SC",49556,44488,40352,41309,45073,41384,42519,44789,44789,52232,52232,54086,56682
"Charlottesville, VA",45253,43143,44111,44798,47526,45801,47624,49682,49682,66576,66576,67809,69853
"Chattanooga, TN-GA",39124,37967,38970,39893,40864,39907,40586,42611,42611,45935,45935,47104,49865
"Cheyenne, WY",47049,43852,44146,47449,47296,46257,46465,46442,46442,52224,52224,53532,55094
"Chicago-Naperville-Elgin, IL-IN-WI",43885,40611,40558,41364,43060,43891,45776,47831,47831,61970,61970,64079,67671
"Chico, CA",32613,32407,32674,33078,33162,34021,34580,37214,37214,42441,42441,45175,50279
"Cincinnati, OH-KY-IN",42992,42260,43367,45638,46542,46539,47432,49171,49171,54109,54109,56402,59607
"Clarksville, TN-KY",39445,39177,39597,41370,39370,38583,37843,38771,38771,40928,40928,42209,44908
"Cleveland, TN",38388,36228,36360,37516,38835,37950,38120,39667,39667,38418,38418,39505,41756
"Cleveland-Elyria, OH",45782,43935,43631,45261,46609,46032,47509,49119,49119,53881,53881,55294,58846
"Coeur d'Alene, ID",33951,33075,33182,34349,35576,35835,36816,38398,38398,45311,45311,46762,48953
"College Station-Bryan, TX",31505,30947,31682,31766,32698,32892,34349,35054,35054,41146,41146,41965,44037
"Colorado Springs, CO",38328,38076,37794,38610,38573,38098,39106,40322,40322,48562,48562,50862,54166
"Columbia, MO",40057,40949,39522,39841,40712,40686,40743,42472,42472,45575,45575,47977,50421
"Columbia, SC",38059,36930,36673,37164,37668,37675,38881,40847,40847,44739,44739,46273,48971
"Columbus, GA-AL",37079,35704,36580,37729,36959,35763,36470,38254,38254,40276,40276,41806,44760
"Columbus, IN",43107,41940,42924,44379,45843,44803,46415,47531,47531,51441,51441,53268,55804
"Columbus, OH",41319,40333,40597,42267,43783,43612,44379,46232,46232,51196,51196,52522,56252
"Corpus Christi, TX",38503,36422,37961,39885,40277,39967,41096,40723,40723,43618,43618,46336,48060
"Corvallis, OR",36694,35421,36072,37347,36840,36208,36675,38090,38090,45846,45846,47920,50399
"Crestview-Fort Walton Beach-Destin, FL",41715,40321,42046,42564,43265,42599,43922,45884,45884,52807,52807,55156,58663
"Cumberland, MD-WV",34075,35133,35651,36579,36661,36857,37233,38461,38461,39817,39817,41166,44308
"Dallas-Fort Worth-Arlington, TX",43042,39142,39819,42635,43828,43693,45615,46857,46857,57562,57562,59409,61554
"Dalton, GA",30738,29746,29437,30456,30708,31799,33821,35723,35723,36697,36697,37995,40781
"Danville, IL",39895,40521,40143,41223,40029,41232,40132,40485,40485,38433,38433,39696,44533
"Daphne-Fairhope-Foley, AL",38055,36950,38077,38681,38298,38137,38905,40913,40913,46905,46905,48270,50953
"Davenport-Moline-Rock Island, IA-IL",43958,42914,43028,44587,44307,44156,44123,45248,45248,48660,48660,49614,53620
"Dayton-Kettering, OH",39586,38855,38934,40335,40905,41016,42026,43461,43461,47682,47682,48990,52367
"Decatur, AL",35399,35478,35384,35515,35853,35940,36581,37153,37153,38608,38608,40499,43264
"Decatur, IL",42597,43143,43044,44084,43319,43740,44692,46235,46235,47662,47662,48151,52196
"Deltona-Daytona Beach-Ormond Beach, FL",34690,32914,34259,34890,35074,34795,35666,36981,36981,43575,43575,45174,47194
"Denver-Aurora-Lakewood, CO",46494,41874,40754,43259,45051,46166,48250,49427,49427,64114,64114,67089,69822
"Des Moines-West Des Moines, IA",45796,44014,44180,44430,45974,45212,46649,48094,48094,53814,53814,55065,58076
"Detroit-Warren-Dearborn, MI",39344,37342,37961,39899,40955,40958,42356,44975,44975,52469,52469,54213,58356
"Dothan, AL",39044,38678,39465,39264,38934,38520,38693,39893,39893,41141,41141,42857,45349
"Dover, DE",35656,36235,35909,36180,35507,35678,35858,36531,36531,42155,42155,43761,46600
"Dubuque, IA",40362,39349,39607,40952,42042,41904,42848,44357,44357,49703,49703,51329,54751
"Duluth, MN-WI",37428,36837,38780,40010,40561,40073,40678,42009,42009,45717,45717,47150,49785
"Durham-Chapel Hill, NC",44484,42863,43414,43784,44532,43514,44999,46599,46599,52243,52243,54408,56703
"East Stroudsburg, PA",33793,32632,31795,32668,32056,32967,33772,35199,35199,42708,42708,44150,48409
"Eau Claire, WI",37923,37971,38266,39527,41068,40705,42063,42682,42682,47300,47300,48822,51569
"El Centro, CA",30530,30719,31204,33111,32889,33159,32427,35108,35108,35331,35331,37196,44500
"El Paso, TX",29106,29678,31041,31382,31674,30641,31889,33227,33227,36347,36347,38681,41732
"Elizabethtown-Fort Knox, KY",38967,38816,38217,38300,38791,37447,38502,40607,40607,41440,41440,43331,46770
"Elkhart-Goshen, IN",32520,30665,32171,33676,35609,36505,38819,40372,40372,46541,46541,46845,49875
"Elmira, NY",36527,36225,36971,37552,37353,37065,37640,38251,38251,43941,43941,45658,49439
"Enid, OK",(NA),(NA),(NA),(NA),(NA),46567,47891,45648,45648,44288,44288,45053,46702
"Erie, PA",36934,36542,37011,38470,38618,37747,38500,39943,39943,44740,44740,46259,50536
"Eugene-Springfield, OR",35604,33974,33723,33731,34461,33901,35414,37522,37522,44957,44957,45960,49583
"Evansville, IN-KY",40220,39325,40242,41725,42315,40650,41703,42914,42914,46925,46925,49168,51695
"Fairbanks, AK",42834,42343,42511,46039,45305,42512,44881,46434,46434,56888,56888,59194,62254
"Fargo, ND-MN",43419,41424,42263,44062,46956,47358,48595,49271,49271,53618,53618,55292,58158
"Farmington, NM",34668,32915,32641,35129,34789,34208,35757,38363,38363,35408,35408,36095,38370
"Fayetteville, NC",34967,35087,35712,35890,35950,35202,35334,36501,36501,36324,36324,38060,40972
"Fayetteville-Springdale-Rogers, AR",43998,41150,41410,45143,50430,48771,54362,57404,57404,67281,67281,68808,70085
"Flagstaff, AZ",36238,34414,34059,36138,35289,35604,37018,38605,38605,48416,48416,48837,53036
"Flint, MI",31829,31419,31681,32699,33168,33659,34622,36732,36732,40495,40495,41940,46152
"Florence, SC",37695,36525,36303,36763,36886,36785,37436,39042,39042,40184,40184,42238,45178
"Florence-Muscle Shoals, AL",36649,37036,37154,37301,36741,36978,37763,38594,38594,37042,37042,38405,41181
"Fond du Lac, WI",43404,42176,42472,42727,43714,43012,44326,46211,46211,48245,48245,49922,52813
"Fort Collins, CO",39198,37385,36651,37372,38158,38828,40213,41433,41433,53836,53836,55935,58725
"Fort Smith, AR-OK",34305,33626,33767,35168,35642,35209,35951,36780,36780,37211,37211,38666,40801
"Fort Wayne, IN",38517,36763,37036,38302,39373,39033,40382,42004,42004,46551,46551,47762,50238
"Fresno, CA",32318,31598,31864,32632,33054,33160,34842,36948,36948,41248,41248,43019,48495
"Gadsden, AL",34923,35161,35107,35157,35443,35375,35981,37186,37186,36583,36583,37700,39852
"Gainesville, FL",35939,34079,35221,36188,35706,35675,37048,38543,38543,43026,43026,44734,47729
"Gainesville, GA",33818,33573,33402,34300,34138,34682,36467,39136,39136,44831,44831,46409,48759
"Gettysburg, PA",38493,38802,38929,39462,39973,40027,41679,43326,43326,48826,48826,50785,54172
"Glens Falls, NY",35098,36208,37058,37706,37913,38010,38404,39685,39685,46461,46461,48527,53074
"Goldsboro, NC",37017,36615,35942,36432,37517,36437,37151,37944,37944,38115,38115,40116,42882
"Grand Forks, ND-MN",40054,38685,39954,41805,45086,44839,44181,44778,44778,49813,49813,51429,57102
"Grand Island, NE",43404,42132,41617,44296,44511,43147,43411,44882,44882,43165,43165,44836,48375
"Grand Junction, CO",39385,35692,34362,35242,36330,35985,37500,38174,38174,44691,44691,45898,48435
"Grand Rapids-Kentwood, MI",40349,36878,38428,40656,42084,41698,42651,44682,44682,49040,49040,50474,54037
"Grants Pass, OR",30911,31296,31649,31870,32644,32348,33720,35321,35321,40980,40980,43694,46913
"Great Falls, MT",39991,40269,40116,40096,39958,38722,40033,41209,41209,47529,47529,49201,52226
"Greeley, CO",34913,33081,32709,34262,35763,36033,38326,39402,39402,47884,47884,48923,52054
"Green Bay, WI",42178,41429,41789,42804,44014,43747,44495,45928,45928,51276,51276,52453,55159
"Greensboro-High Point, NC",38625,37062,37188,37432,38488,37711,39011,40823,40823,42745,42745,44456,47171
"Greenville, NC",36992,35406,35378,35493,37109,36645,37314,38552,38552,41163,41163,42882,45169
"Greenville-Anderson, SC",36923,34920,35535,36377,37429,37216,38702,40490,40490,44160,44160,45505,47836
"Gulfport-Biloxi, MS",35941,35309,35866,35285,34929,34301,34674,35222,35222,36703,36703,37983,41111
"Hagerstown-Martinsburg, MD-WV",33001,33177,33934,34416,34813,34354,35171,36487,36487,43505,43505,44637,47759
"Hammond, LA",36912,36680,37793,38296,38435,36833,37229,38048,38048,37928,37928,38963,41792
"Hanford-Corcoran, CA",26484,25801,27507,30161,29584,29924,32485,32927,32927,35267,35267,36442,41829
"Harrisburg-Carlisle, PA",41814,41166,41665,42709,43411,43077,44185,45838,45838,52270,52270,54304,58372
"Harrisonburg, VA",33545,31743,32455,33083,33668,33271,34771,36681,36681,39471,39471,40413,43232
"Hartford-East Hartford-Middletown, CT",50092,49088,49177,50077,50926,50774,51819,53444,53444,62445,62445,64101,67343
"Hattiesburg, MS",35805,35228,35174,35587,36110,35155,36348,38355,38355,38334,38334,39076,41779
"Hickory-Lenoir-Morganton, NC",34144,33120,33138,33250,34444,33815,35356,37547,37547,39205,39205,40607,43496
"Hilton Head Island-Bluffton, SC",43924,41640,39488,41483,42049,41582,43511,45536,45536,52973,52973,55636,57565
"Hinesville, GA",31385,29624,30652,31239,29277,29480,29514,31813,31813,34575,34575,34832,37578
"Homosassa Springs, FL",32943,32434,33664,34213,34101,34732,35654,37382,37382,38263,38263,39701,41933
"Hot Springs, AR",37503,37599,37543,38315,39297,37888,39406,40396,40396,40053,40053,41502,44358
"Houma-Thibodaux, LA",45692,43845,43267,41904,43909,44469,46382,45017,45017,42818,42818,44110,47259
"Houston-The Woodlands-Sugar Land, TX",47826,43386,43715,45540,48857,47407,49191,48979,48979,57875,57875,58884,59893
"Huntington-Ashland, WV-KY-OH",36462,36982,36865,37199,37335,36380,37341,38447,38447,40335,40335,41287,44423
"Huntsville, AL",43506,42720,43478,43884,43638,42895,43594,45263,45263,50044,50044,52208,55126
"Idaho Falls, ID",37914,35902,35313,36213,37189,36744,37818,40441,40441,45205,45205,49578,51729
"Indianapolis-Carmel-Anderson, IN",42788,42234,43023,44612,45414,45127,45917,47544,47544,54874,54874,57629,60431
"Iowa City, IA",41986,41103,40936,42876,43221,43453,44160,44883,44883,54289,54289,55538,56947
"Ithaca, NY",33066,33174,33512,34175,34676,34265,34135,35564,35564,44692,44692,46052,49486
"Jackson, MI",32697,32732,33596,34284,34162,34695,35516,37480,37480,39359,39359,40413,44889
"Jackson, MS",40762,38510,39061,40023,40801,40710,41873,42690,42690,43423,43423,44794,47992
"Jackson, TN",37858,37600,37857,40160,39701,38956,38788,41145,41145,39585,39585,41503,44123
"Jacksonville, FL",40912,38476,39530,40436,40850,40360,41092,42974,42974,50411,50411,52184,55125
"Jacksonville, NC",42995,44638,45246,45785,43810,43024,43055,43664,43664,40077,40077,40671,43122
"Janesville-Beloit, WI",35102,35552,35920,36805,37923,38834,38281,39640,39640,43868,43868,46018,48836
"Jefferson City, MO",43811,42928,42489,42503,42820,42416,43089,44084,44084,42101,42101,44548,47827
"Johnson City, TN",35340,35021,35693,36991,36906,36399,36666,38244,38244,39978,39978,41519,44020
"Johnstown, PA",39435,39830,37511,38804,38684,39158,39967,41169,41169,43050,43050,44620,48637
"Jonesboro, AR",36822,36412,36387,36601,37533,37196,37230,37569,37569,36294,36294,37719,40140
"Joplin, MO",35148,35179,34385,35477,36969,35848,36687,37540,37540,40371,40371,40691,42255
"Kahului-Wailuku-Lahaina, HI",33725,32353,32120,32828,34607,33639,34846,36695,36695,47886,47886,50536,51838
"Kalamazoo-Portage, MI",38174,37092,37365,38798,38707,39410,39813,42129,42129,47968,47968,49305,52403
"Kankakee, IL",33568,32972,32944,32835,32722,33928,33869,35107,35107,41173,41173,42857,46988
"Kansas City, MO-KS",46306,44810,43494,44008,45656,45109,45759,47426,47426,53688,53688,55691,58057
"Kennewick-Richland, WA",37497,37754,38537,38454,36919,35429,35859,38240,38240,43203,43203,45361,49042
"Killeen-Temple, TX",39655,40678,39721,40458,39427,38158,38551,40071,40071,42169,42169,43033,45574
"Kingsport-Bristol, TN-VA",37757,37095,37243,38732,39681,38332,38666,39721,39721,39689,39689,40540,42869
"Kingston, NY",36215,35786,36391,37068,37593,37223,37699,39165,39165,50378,50378,52554,56071
"Knoxville, TN",38467,37412,38037,39040,39806,38869,39860,42087,42087,46341,46341,48179,50540
"Kokomo, IN",37372,35503,34967,35906,36818,37051,38521,39758,39758,41689,41689,42409,44945
"La Crosse-Onalaska, WI-MN",40224,40339,40093,41333,42259,41650,43105,44201,44201,49888,49888,52084,54656
"Lafayette, LA",45414,41681,42865,42228,45519,44432,46127,43846,43846,43657,43657,44556,47553
"Lafayette-West Lafayette, IN",33228,31826,32236,33433,33721,33269,33951,34470,34470,39453,39453,40106,42467
"Lake Charles, LA",40735,38383,38250,38793,40153,39518,42076,44592,44592,48516,48516,49517,50935
"Lake Havasu City-Kingman, AZ",27313,27019,26458,25835,26122,26432,27778,28979,28979,33083,33083,34274,36529
"Lakeland-Winter Haven, FL",31606,30359,32119,33175,32330,31992,32646,33619,33619,36048,36048,37183,39760
"Lancaster, PA",38750,37440,37922,38636,38801,38537,39986,41943,41943,52682,52682,54529,58434
"Lansing-East Lansing, MI",34110,33419,34711,34962,34932,34946,35705,37237,37237,41190,41190,42535,46323
"Laredo, TX",29368,27305,28367,29594,30000,29526,29958,30347,30347,31907,31907,33305,35626
"Las Cruces, NM",30522,31172,31294,31061,30997,29522,30293,32228,32228,35805,35805,37413,40218
"Las Vegas-Henderson-Paradise, NV",38188,34661,34601,34935,36506,35576,37011,38971,38971,47184,47184,49225,51244
"Lawrence, KS",35750,35255,34511,34767,35130,35472,36167,38255,38255,43888,43888,45174,47494
"Lawton, OK",38180,38430,38709,38345,37342,37296,37631,38846,38846,41236,41236,42700,45538
"Lebanon, PA",38146,37783,38600,39469,39355,39544,40119,41885,41885,47772,47772,49099,52743
"Lewiston, ID-WA",37378,37702,37737,38280,38342,38434,39280,40606,40606,44434,44434,46255,50092
"Lewiston-Auburn, ME",35121,35271,34964,35181,34947,33870,34447,36023,36023,40869,40869,42698,46357
"Lexington-Fayette, KY",41251,39044,39335,40152,40799,40253,41171,42825,42825,47827,47827,49814,52559
"Lima, OH",36241,36406,36442,37475,37827,36891,37421,39224,39224,42427,42427,43268,46500
"Lincoln, NE",41417,40527,40618,41631,42931,42124,43011,44359,44359,49479,49479,50565,53057
"Little Rock-North Little Rock-Conway, AR",40914,40196,39457,39939,41642,40038,41031,42072,42072,45563,45563,47032,49837
"Logan, UT-ID",29854,29309,29781,30952,31714,30759,31744,33327,33327,39190,39190,41538,44508
"Longview, TX",43610,39986,39932,42731,42220,41365,42882,41916,41916,42174,42174,43575,45075
"Longview, WA",34714,35298,36634,36609,38332,38035,38502,39225,39225,43407,43407,45124,48232
"Los Angeles-Long Beach-Anaheim, CA",39119,37290,37448,38515,40429,39273,40863,43392,43392,61594,61594,64705,69805
"Louisville/Jefferson County, KY-IN",41181,39983,40687,41622,43272,41914,42895,44860,44860,50313,50313,52288,55676
"Lubbock, TX",34842,34318,35034,35336,36271,36470,36930,37734,37734,43189,43189,44706,46297
"Lynchburg, VA",36565,35994,35953,36394,36945,36053,36869,37540,37540,39668,39668,40521,43529
"Macon-Bibb County, GA",36755,37025,36762,37983,36801,36934,38297,39934,39934,40191,40191,41402,44520
"Madera, CA",28296,26718,28517,29590,30813,31600,33159,34685,34685,37373,37373,38751,44532
"Madison, WI",45231,43694,43581,45141,45991,46618,47252,49306,49306,59266,59266,61743,64280
"Manchester-Nashua, NH",44196,43705,43771,45512,47021,46196,45630,46903,46903,60760,60760,62752,66548
"Manhattan, KS",39727,39775,40853,40852,39202,37899,39120,40370,40370,45802,45802,47291,49865
"Mankato, MN",40364,38003,38209,40879,42094,42830,43219,44421,44421,46008,46008,46951,50562
"Mansfield, OH",34460,33910,33848,35386,35359,35502,36766,38213,38213,39173,39173,40313,43928
"McAllen-Edinburg-Mission, TX",24846,25472,25577,25642,25421,25316,25630,26366,26366,27007,27007,28091,31153
"Medford, OR",35558,33574,33084,33555,34377,34263,36159,37960,37960,45903,45903,47708,51824
"Memphis, TN-MS-AR",40750,39229,39662,40365,41254,40610,41075,42424,42424,46481,46481,47904,51155
"Merced, CA",28892,28689,28885,30298,30325,31991,33577,35044,35044,37193,37193,37952,43914
"Miami-Fort Lauderdale-Pompano Beach, FL",42461,38769,40446,41174,41204,39850,41675,44248,44248,59189,59189,61362,64190
"Michigan City-La Porte, IN",37472,36344,36794,38111,39292,38382,38515,39735,39735,42248,42248,43065,46274
"Midland, MI",47745,45550,45284,47582,46443,46219,44138,43482,43482,53973,53973,54477,57561
"Midland, TX",93174,63070,73282,95103,104846,105809,109504,102217,102217,130647,130647,135900,124667
"Milwaukee-Waukesha, WI",46592,45049,44740,46023,46901,46161,46997,48601,48601,56253,56253,57860,60499
"Minneapolis-St. Paul-Bloomington, MN-WI",46229,43329,44006,45377,46986,46295,47947,49829,49829,62695,62695,64270,67214
"Missoula, MT",36218,36956,34625,36185,37644,36309,37693,41239,41239,49616,49616,51738,54353
"Mobile, AL",35947,34793,35412,36379,35473,35504,35628,36825,36825,38119,38119,39910,42731
"Modesto, CA",31771,31094,31603,32103,32740,32992,35217,37492,37492,41850,41850,43402,48954
"Monroe, LA",37218,37953,37008,37213,37306,37048,37565,39223,39223,40581,40581,41691,45252
"Monroe, MI",36295,34345,34818,35786,36652,37225,38317,40567,40567,47091,47091,48696,52028
"Montgomery, AL",38815,38012,38037,38761,38374,38538,39095,40707,40707,43156,43156,44473,47446
"Morgantown, WV",37297,37689,38140,38972,39373,38513,39580,39547,39547,43856,43856,44753,46841
"Morristown, TN",34517,34349,34341,35856,35231,35031,36129,37730,37730,36379,36379,37563,40061
"Mount Vernon-Anacortes, WA",38437,37824,37351,38378,40153,39854,40923,42265,42265,50703,50703,53221,57315
"Muncie, IN",31208,30516,30743,31128,32259,31992,33022,34275,34275,36727,36727,38153,40948
"Muskegon, MI",30942,30895,31544,32477,33021,32888,34335,36089,36089,38141,38141,39769,44000
"Myrtle Beach-Conway-North Myrtle Beach, SC-NC",32732,31514,31401,31574,31848,32126,33410,35084,35084,39867,39867,41213,43477
"Napa, CA",40525,39448,38791,39493,42539,42525,44929,48012,48012,70161,70161,73886,82408
"Naples-Marco Island, FL",68336,58422,62621,65425,69513,67087,72283,77604,77604,99997,99997,103205,103865
"Nashville-Davidson--Murfreesboro--Franklin, TN",43283,42681,43709,44719,45334,44774,46543,49610,49610,59105,59105,61516,62076
"New Bern, NC",43259,42319,41768,41453,41382,40319,41040,42763,42763,41910,41910,44765,48121
"New Haven-Milford, CT",39943,38523,38564,39457,40146,40377,40927,42202,42202,54773,54773,56710,60092
"New Orleans-Metairie, LA",45204,41792,42532,41773,43621,42695,44396,45972,45972,52574,52574,54660,57891
"New York-Newark-Jersey City, NY-NJ-PA",45485,43342,43171,44345,45921,46128,46969,48703,48703,75166,75166,77911,82322
"Niles, MI",40121,38086,39521,40210,39580,40061,41415,43460,43460,47325,47325,48231,52395
"North Port-Sarasota-Bradenton, FL",44312,40708,42007,43906,42800,43076,45744,48294,48294,58060,58060,59917,61988
"Norwich-New London, CT",45490,44965,44701,45730,45983,45341,46210,48585,48585,56567,56567,58122,61191
"Ocala, FL",32226,31249,32065,33013,32790,32172,33300,34543,34543,37497,37497,38754,41553
"Ocean City, NJ",39439,40253,40419,41426,42404,42952,43736,45724,45724,60246,60246,63203,67836
"Odessa, TX",40298,35876,37367,41648,46548,45040,47689,41745,41745,49458,49458,52079,49887
"Ogden-Clearfield, UT",35762,33678,32802,33465,34475,34252,34909,36579,36579,43682,43682,46201,49371
"Oklahoma City, OK",44458,41717,41741,42689,43093,43068,44417,44979,44979,48300,48300,51408,52688
"Olympia-Lacey-Tumwater, WA",39461,37723,37507,37200,37715,36899,37302,38424,38424,49483,49483,52010,56007
"Omaha-Council Bluffs, NE-IA",46930,45804,46588,48800,49586,47680,50404,51689,51689,57457,57457,58368,61040
"Orlando-Kissimmee-Sanford, FL",34029,32163,33151,34033,33972,33913,35002,36912,36912,43970,43970,45718,48223
"Oshkosh-Neenah, WI",39801,38970,39331,40427,40560,39956,41098,42869,42869,47644,47644,48943,50840
"Owensboro, KY",42580,40738,40178,40394,39733,39594,40408,41064,41064,40785,40785,42380,45684
"Oxnard-Thousand Oaks-Ventura, CA",41520,39622,39155,39954,40677,39959,41177,43160,43160,60238,60238,63190,67422
"Palm Bay-Melbourne-Titusville, FL",37692,36612,37571,38674,37670,37416,38024,39645,39645,46145,46145,48539,51507
"Panama City, FL",36970,35631,36911,37115,35995,35521,36484,38375,38375,43020,43020,46818,50696
"Parkersburg-Vienna, WV",36713,36547,36135,37411,38657,38267,40322,40167,40167,43479,43479,45758,47706
"Pensacola-Ferry Pass-Brent, FL",36654,36052,36726,37225,36918,36012,37141,38904,38904,43699,43699,45259,48154
"Peoria, IL",43303,42499,42871,45751,46702,44628,44793,45611,45611,48056,48056,48746,52742
"Philadelphia-Camden-Wilmington, PA-NJ-DE-MD",44585,43272,43876,45112,46589,46485,47656,49489,49489,64053,64053,65733,69705
"Phoenix-Mesa-Chandler, AZ",36608,34314,34193,35371,36479,36583,37589,39146,39146,46140,46140,48082,51851
"Pine Bluff, AR",32063,33113,32330,32834,33284,33823,33881,34190,34190,33869,33869,35151,37962
"Pittsburgh, PA",46564,45064,45408,46326,46737,46032,47142,49084,49084,58000,58000,59494,63675
"Pittsfield, MA",43088,42023,42166,43704,44442,44077,46130,48865,48865,55947,55947,57300,61872
"Pocatello, ID",31597,30927,30968,31575,31802,32199,32845,34508,34508,37248,37248,38901,42186
"Port St. Lucie, FL",41917,38811,39404,41586,44057,42571,44937,46851,46851,54988,54988,56602,58649
"Portland-South Portland, ME",42333,41597,42079,42787,43092,42101,43162,44923,44923,57732,57732,59724,63497
"Portland-Vancouver-Hillsboro, OR-WA",42039,39319,38989,40018,41226,40686,42222,44402,44402,56762,56762,58941,62603
"Prescott Valley-Prescott, AZ",30932,30536,29608,30537,30907,31405,32877,34342,34342,40098,40098,41076,44490
"Providence-Warwick, RI-MA",41025,40356,41619,42092,43112,42723,43641,45472,45472,53771,53771,56197,60897
"Provo-Orem, UT",29901,26935,26150,27176,28689,29034,30629,32715,32715,40896,40896,43520,46393
"Pueblo, CO",31273,31110,31148,31629,32187,31844,33634,35207,35207,37969,37969,39533,43196
"Punta Gorda, FL",33724,32753,33250,34251,33894,34348,35596,37246,37246,42292,42292,43549,45606
"Racine, WI",41541,40157,39965,40883,41673,40145,41167,43259,43259,49191,49191,50729,53094
"Raleigh-Cary, NC",46417,43601,44209,44165,45164,44171,45484,47650,47650,56139,56139,58147,60884
"Rapid City, SD",42616,42022,43292,43649,43351,41333,43424,44744,44744,50230,50230,52133,55187
"Reading, PA",38808,38197,39108,39997,41035,39867,41279,43181,43181,49549,49549,51606,55953
"Redding, CA",33955,33770,34159,34112,34127,34266,35993,38394,38394,44549,44549,46417,51649
"Reno, NV",43565,41267,41453,42399,40456,40305,41642,45321,45321,61005,61005,62954,66075
"Richmond, VA",45450,43119,43539,44833,46293,45522,46440,48646,48646,56101,56101,58111,61148
"Riverside-San Bernardino-Ontario, CA",28987,27794,27397,28142,28199,28207,29122,30763,30763,39403,39403,40988,45365
"Roanoke, VA",41390,40732,40617,41405,42945,41761,42023,44049,44049,46032,46032,46891,50215
"Rochester, MN",43676,42636,44788,45237,46871,45954,46112,47739,47739,54635,54635,55770,59842
"Rochester, NY",38971,39356,40137,40986,42084,41107,41191,43269,43269,50554,50554,52480,56477
"Rockford, IL",36996,35819,36178,36642,37359,37551,38698,40172,40172,43824,43824,44621,47982
"Rocky Mount, NC",37679,37431,36449,36487,37420,36238,37967,39605,39605,39030,39030,40816,43623
"Rome, GA",37719,36718,36743,36928,37034,37458,38952,40812,40812,37593,37593,38630,41238
"Sacramento-Roseville-Folsom, CA",41020,39459,39101,39909,40725,40986,42420,44757,44757,54832,54832,57014,61852
"Saginaw, MI",32693,32726,33540,34195,34119,34376,35061,36648,36648,39289,39289,41659,45328
"Salem, OR",33090,31810,31520,31681,31875,32400,34033,35863,35863,42119,42119,44118,47638
"Salinas, CA",39621,38733,38215,38076,38529,38718,39978,43385,43385,53625,53625,56545,61510
"Salisbury, MD-DE",41443,40056,40205,40611,41298,42102,43092,45178,45178,48086,48086,49074,51228
"Salt Lake City, UT",39059,35851,35303,36637,38045,37727,38775,40831,40831,51253,51253,54456,58008
"San Angelo, TX",41684,38103,39202,40576,41408,41278,44014,42530,42530,48865,48865,51990,53305
"San Antonio-New Braunfels, TX",38794,36795,37585,39279,39502,39641,41171,42899,42899,48192,48192,48025,50022
"San Diego-Chula Vista-Carlsbad, CA",39613,37582,36761,37466,38460,39137,40680,42484,42484,58719,58719,60845,66266
"San Francisco-Oakland-Berkeley, CA",52224,49456,49608,52110,54428,53869,56604,61178,61178,97681,97681,102406,111050
"San Jose-Sunnyvale-Santa Clara, CA",49709,47003,49204,52190,55664,54051,57362,62248,62248,106568,106568,112693,121619
"San Luis Obispo-Paso Robles, CA",38357,37209,36813,38184,39211,39688,40943,43426,43426,55913,55913,58693,62342
"Santa Cruz-Watsonville, CA",38897,38096,39299,39875,40743,40409,41328,43751,43751,65751,65751,68990,75957
"Santa Fe, NM",45436,43155,42556,43310,44328,43348,45635,46658,46658,58525,58525,60301,63004
"Santa Maria-Santa Barbara, CA",43464,41580,40976,42933,44115,42784,44165,46849,46849,60818,60818,62715,67879
"Santa Rosa-Petaluma, CA",36616,35581,35608,36717,37069,37740,39119,42165,42165,61501,61501,64869,71386
"Savannah, GA",39263,38347,38933,40170,39069,39016,39930,41599,41599,46990,46990,47964,51184
"Scranton--Wilkes-Barre, PA",39041,39024,39424,39668,39781,38934,39927,41355,41355,45522,45522,46925,51246
"Seattle-Tacoma-Bellevue, WA",49400,44896,44335,45712,48728,48276,50841,52782,52782,72685,72685,75970,80420
"Sebastian-Vero Beach, FL",65452,56568,56750,61925,63209,63199,67462,69323,69323,79972,79972,83241,84607
"Sebring-Avon Park, FL",31291,31528,32852,33761,32369,32458,33334,36072,36072,33047,33047,34433,37158
"Sheboygan, WI",42708,41896,41661,42848,45435,44030,45484,46804,46804,52880,52880,53217,55616
"Sherman-Denison, TX",36075,34791,34701,35611,36682,37092,38278,39014,39014,43052,43052,44585,47045
"Shreveport-Bossier City, LA",43238,40531,41588,41200,41361,41487,44483,46333,46333,46853,46853,48256,52391
"Sierra Vista-Douglas, AZ",34984,37758,37238,37027,36016,35993,37080,39009,39009,38892,38892,40546,45786
"Sioux City, IA-NE-SD",48654,44869,44856,43909,44332,45320,45912,48765,48765,50677,50677,52855,56131
"Sioux Falls, SD",49841,48115,48583,48965,49792,48060,49915,53158,53158,60254,60254,64219,67117
"South Bend-Mishawaka, IN-MI",38725,36616,36841,37928,38935,39429,41265,43999,43999,47206,47206,47759,51017
"Spartanburg, SC",37090,34699,35058,36230,37863,36198,38490,39992,39992,42669,42669,44151,46543
"Spokane-Spokane Valley, WA",37099,35645,35416,35791,36494,36085,37332,38608,38608,44631,44631,46337,49449
"Springfield, IL",39771,40590,41282,42025,41478,42133,42752,43973,43973,47642,47642,49212,52782
"Springfield, MA",39187,39446,39752,40536,41828,41100,41765,43756,43756,51697,51697,53413,57843
"Springfield, MO",37368,36078,35216,35391,36248,35822,36882,38568,38568,41339,41339,42993,44565
"Springfield, OH",35919,36067,35496,36358,36479,36652,37445,38636,38636,40263,40263,41625,45363
"St. Cloud, MN",36940,35314,36553,37632,38841,38562,39956,41238,41238,45837,45837,47119,50850
"St. George, UT",26800,25859,26080,26593,27283,27999,29263,30926,30926,39964,39964,41869,43782
"St. Joseph, MO-KS",36367,35783,34905,36067,36367,36313,36452,37143,37143,38098,38098,40709,43061
"St. Louis, MO-IL",48893,46872,46930,46887,48455,47143,48109,49531,49531,55533,55533,57615,60844
"State College, PA",33867,33646,34503,35290,35246,35281,36173,36388,36388,46210,46210,47947,50615
"Staunton, VA",40969,40662,40156,40249,39714,38806,39554,41353,41353,43388,43388,44917,47794
"Stockton, CA",32397,31886,31456,31395,31832,32464,33675,35737,35737,43077,43077,45075,51816
"Sumter, SC",34474,34043,33970,35019,36854,36709,37738,38729,38729,37440,37440,38573,41807
"Syracuse, NY",37434,38862,39109,39564,40635,40148,40640,42233,42233,49369,49369,51181,55563
"Tallahassee, FL",35350,34487,35749,36802,35128,34347,35720,37204,37204,42507,42507,44003,46685
"Tampa-St. Petersburg-Clearwater, FL",38676,37191,38205,39524,37731,36686,37792,39511,39511,47362,47362,49186,52291
"Terre Haute, IN",34704,34439,34367,34516,34959,35231,35488,35731,35731,37284,37284,38502,41658
"Texarkana, TX-AR",35859,35549,35800,36331,36006,34823,35606,37294,37294,37667,37667,38802,41516
"The Villages, FL",34346,33123,35549,38622,40857,39002,38678,39828,39828,48902,48902,53411,54533
"Toledo, OH",38897,38406,38842,39953,40089,40198,41719,43586,43586,46790,46790,48252,51408
"Topeka, KS",40848,40991,40203,41499,41678,41972,42585,43628,43628,46180,46180,47253,50479
"Trenton-Princeton, NJ",50621,47594,46828,48163,49690,48268,50299,51234,51234,68052,68052,70675,74218
"Tucson, AZ",37545,35251,34437,34720,35178,34955,35696,36844,36844,43103,43103,44649,48373
"Tulsa, OK",51100,42296,42858,46946,52250,56295,59402,54341,54341,55350,55350,56680,58071
"Tuscaloosa, AL",36282,35226,35332,35632,35731,35744,35867,36439,36439,38107,38107,39482,42084
"Tyler, TX",45813,40662,43006,46771,47236,47630,49558,49765,49765,56084,56084,55986,57076
"Urban Honolulu, HI",36797,36860,36644,36577,36611,36091,37241,38846,38846,57468,57468,59329,62793
"Utica-Rome, NY",36158,37169,37691,37810,38009,37627,37288,38238,38238,43255,43255,45855,49581
"Valdosta, GA",34438,33482,33766,34872,33130,34042,34935,36792,36792,35953,35953,37045,40046
"Vallejo, CA",32298,31953,31514,32085,31842,32416,33209,35126,35126,49336,49336,51889,58688
"Victoria, TX",42406,37999,39552,41467,44074,44481,46118,44970,44970,47647,47647,52268,53547
"Vineland-Bridgeton, NJ",31147,31717,31729,31489,30936,31183,31685,33286,33286,39448,39448,41327,45498
"Virginia Beach-Norfolk-Newport News, VA-NC",41146,40296,40478,40997,41511,40960,41756,43576,43576,48322,48322,49792,53310
"Visalia, CA",30552,29260,30802,31969,31494,32659,35211,35235,35235,38613,38613,40040,46348
"Waco, TX",33319,33173,33932,34265,34733,34784,35731,37146,37146,41319,41319,42274,45403
"Walla Walla, WA",36610,36592,36952,38254,39432,39621,40056,41637,41637,44521,44521,46648,51767
"Warner Robins, GA",37734,37077,37496,38503,37673,37110,37731,39481,39481,41902,41902,43109,45888
"Washington-Arlington-Alexandria, DC-VA-MD-WV",49518,47316,47628,49002,49556,47738,48306,50236,50236,71615,71615,73059,76771
"Waterloo-Cedar Falls, IA",39612,39384,39184,40756,41704,41061,41239,42026,42026,46002,46002,46971,50126
"Watertown-Fort Drum, NY",39621,41242,42099,41943,40496,39617,39608,40093,40093,46375,46375,48896,53964
"Wausau-Weston, WI",42046,41443,40393,41617,41797,41551,43020,44294,44294,49489,49489,51329,54305
"Weirton-Steubenville, WV-OH",35825,36521,35487,36614,36803,36462,37243,38598,38598,40431,40431,42338,46007
"Wenatchee, WA",35798,34729,34541,35700,37738,37410,39117,41125,41125,48047,48047,50227,55047
"Wheeling, WV-OH",40565,39412,38072,39442,40404,41369,42701,43308,43308,48907,48907,47341,48947
"Wichita Falls, TX",43769,39404,40273,44283,43891,43463,42783,43394,43394,43262,43262,44754,46954
"Wichita, KS",46797,43142,41519,45188,46960,47186,48648,47957,47957,50308,50308,52706,55000
"Williamsport, PA",34885,35733,37030,39383,39013,38384,39307,40005,40005,43070,43070,44688,48721
"Wilmington, NC",38298,35974,34979,35434,34873,35041,36811,38711,38711,44226,44226,46620,48744
"Winchester, VA-WV",38584,38197,39334,40400,41122,39937,40950,42993,42993,47879,47879,49538,52377
"Winston-Salem, NC",40536,38626,38707,38279,39075,38082,40125,41670,41670,43881,43881,45600,48151
"Worcester, MA-CT",40528,39756,40518,41505,42513,41845,42464,44363,44363,54581,54581,56846,61741
"Yakima, WA",34135,32731,33360,33959,35693,34918,36503,37858,37858,41740,41740,43910,49099
"York-Hanover, PA",43724,42249,41857,41919,41848,40887,41198,42942,42942,50069,50069,52015,55761
"Youngstown-Warren-Boardman, OH-PA",37617,36392,36612,38299,38364,38086,38720,40329,40329,42094,42094,43047,46635
"Yuba City, CA",33572,33945,33445,33729,33255,33877,34745,36761,36761,41937,41937,43411,48752
"Yuma, AZ",28689,28405,28398,28298,27913,29188,28574,31392,31392,33672,33672,35065,40800
